Program	ref	query	algorithm	flags	elapsedTime	userTime	systemTime	maxResidentMemory	CPU
python	small	small	blank	NA	0.03	0.01	0.01	11264	77%
python-alnSeq	small	small	hirschberg	NA	0.06	0.04	0.00	11136	75%
sequence_align	small	small	hirschberg	NA	0.07	0.06	0.00	11520	88%
python-alnSeq	small	small	needle	NA	0.05	0.03	0.00	13824	82%
python-alnSeq	small	small	water	NA	0.05	0.03	0.00	13584	82%
sequence_align	small	small	needle	NA	0.10	0.07	0.02	61732	92%
biopython	small	small	needle	NA	0.42	0.36	0.29	38376	154%
python	small	small	blank	NA	0.03	0.01	0.00	11264	75%
python-alnSeq	small	small	hirschberg	NA	0.05	0.03	0.01	11264	85%
sequence_align	small	small	hirschberg	NA	0.07	0.06	0.00	11392	89%
python-alnSeq	small	small	needle	NA	0.05	0.03	0.00	13824	86%
python-alnSeq	small	small	water	NA	0.05	0.04	0.00	13440	88%
sequence_align	small	small	needle	NA	0.10	0.08	0.00	62780	91%
biopython	small	small	needle	NA	0.27	0.34	0.28	38496	232%
python	small	small	blank	NA	0.03	0.02	0.00	11520	77%
python-alnSeq	small	small	hirschberg	NA	0.05	0.04	0.00	11008	87%
sequence_align	small	small	hirschberg	NA	0.07	0.06	0.00	11648	91%
python-alnSeq	small	small	needle	NA	0.05	0.04	0.00	13824	87%
python-alnSeq	small	small	water	NA	0.04	0.03	0.00	13852	87%
sequence_align	small	small	needle	NA	0.09	0.06	0.02	62288	91%
biopython	small	small	needle	NA	0.23	0.37	0.24	38632	262%
python	small	small	blank	NA	0.03	0.02	0.00	11392	75%
python-alnSeq	small	small	hirschberg	NA	0.05	0.04	0.00	11008	87%
sequence_align	small	small	hirschberg	NA	0.07	0.06	0.00	11264	87%
python-alnSeq	small	small	needle	NA	0.07	0.03	0.00	13568	61%
python-alnSeq	small	small	water	NA	0.04	0.03	0.01	13796	83%
sequence_align	small	small	needle	NA	0.09	0.07	0.01	64444	91%
biopython	small	small	needle	NA	0.25	0.36	0.28	38508	257%
python	small	small	blank	NA	0.03	0.02	0.00	11392	72%
python-alnSeq	small	small	hirschberg	NA	0.05	0.03	0.00	10880	83%
sequence_align	small	small	hirschberg	NA	0.07	0.05	0.01	11648	89%
python-alnSeq	small	small	needle	NA	0.05	0.03	0.00	13824	84%
python-alnSeq	small	small	water	NA	0.04	0.02	0.01	13664	83%
sequence_align	small	small	needle	NA	0.09	0.07	0.01	62408	89%
biopython	small	small	needle	NA	0.21	0.32	0.28	38760	287%
python	small	small	blank	NA	0.03	0.01	0.01	11392	79%
python-alnSeq	small	small	hirschberg	NA	0.06	0.04	0.01	11264	86%
sequence_align	small	small	hirschberg	NA	0.08	0.06	0.01	11520	89%
python-alnSeq	small	small	needle	NA	0.05	0.03	0.01	13824	88%
python-alnSeq	small	small	water	NA	0.05	0.03	0.00	13824	84%
sequence_align	small	small	needle	NA	0.10	0.07	0.01	62156	92%
biopython	small	small	needle	NA	0.20	0.34	0.27	38760	301%
python	small	small	blank	NA	0.03	0.02	0.00	11520	75%
python-alnSeq	small	small	hirschberg	NA	0.06	0.05	0.00	10880	87%
sequence_align	small	small	hirschberg	NA	0.08	0.06	0.00	11648	87%
python-alnSeq	small	small	needle	NA	0.05	0.04	0.00	13568	86%
python-alnSeq	small	small	water	NA	0.05	0.03	0.00	13732	86%
sequence_align	small	small	needle	NA	0.09	0.04	0.03	62796	92%
biopython	small	small	needle	NA	0.23	0.36	0.27	38380	264%
python	small	small	blank	NA	0.03	0.01	0.00	11136	71%
python-alnSeq	small	small	hirschberg	NA	0.05	0.04	0.00	11136	89%
sequence_align	small	small	hirschberg	NA	0.07	0.06	0.00	11648	89%
python-alnSeq	small	small	needle	NA	0.05	0.03	0.00	13952	84%
python-alnSeq	small	small	water	NA	0.04	0.02	0.01	13684	82%
sequence_align	small	small	needle	NA	0.10	0.06	0.02	62408	90%
biopython	small	small	needle	NA	0.22	0.32	0.27	38736	262%
python	small	small	blank	NA	0.03	0.02	0.00	11392	78%
python-alnSeq	small	small	hirschberg	NA	0.05	0.04	0.00	11264	86%
sequence_align	small	small	hirschberg	NA	0.07	0.05	0.01	11648	88%
python-alnSeq	small	small	needle	NA	0.04	0.03	0.00	13856	87%
python-alnSeq	small	small	water	NA	0.05	0.02	0.01	13852	86%
sequence_align	small	small	needle	NA	0.09	0.06	0.01	64252	90%
biopython	small	small	needle	NA	0.21	0.32	0.28	38376	287%
python	small	small	blank	NA	0.03	0.01	0.00	11392	73%
python-alnSeq	small	small	hirschberg	NA	0.05	0.04	0.00	11008	87%
sequence_align	small	small	hirschberg	NA	0.07	0.06	0.00	11776	89%
python-alnSeq	small	small	needle	NA	0.05	0.03	0.00	13824	86%
python-alnSeq	small	small	water	NA	0.05	0.03	0.00	13568	86%
sequence_align	small	small	needle	NA	0.09	0.07	0.01	62224	92%
biopython	small	small	needle	NA	0.22	0.39	0.25	38632	286%
python	small	mid	blank	NA	0.03	0.02	0.00	11648	75%
python-alnSeq	small	mid	hirschberg	NA	0.18	0.16	0.01	11392	95%
sequence_align	small	mid	hirschberg	NA	0.31	0.28	0.01	12288	97%
python-alnSeq	small	mid	needle	NA	0.15	0.13	0.00	30092	94%
python-alnSeq	small	mid	water	NA	0.13	0.12	0.00	30084	94%
sequence_align	small	mid	needle	NA	0.41	0.35	0.04	322488	97%
biopython	small	mid	needle	NA	0.34	0.46	0.29	55048	220%
python	small	mid	blank	NA	0.03	0.01	0.00	11520	74%
python-alnSeq	small	mid	hirschberg	NA	0.18	0.16	0.00	11392	95%
sequence_align	small	mid	hirschberg	NA	0.30	0.28	0.00	12416	97%
python-alnSeq	small	mid	needle	NA	0.15	0.13	0.00	30084	94%
python-alnSeq	small	mid	water	NA	0.13	0.11	0.01	29996	94%
sequence_align	small	mid	needle	NA	0.39	0.33	0.05	321972	98%
biopython	small	mid	needle	NA	0.36	0.45	0.27	54888	200%
python	small	mid	blank	NA	0.05	0.03	0.00	11392	83%
python-alnSeq	small	mid	hirschberg	NA	0.18	0.17	0.00	11136	95%
sequence_align	small	mid	hirschberg	NA	0.31	0.29	0.00	12416	97%
python-alnSeq	small	mid	needle	NA	0.15	0.14	0.00	30092	94%
python-alnSeq	small	mid	water	NA	0.13	0.11	0.01	30088	93%
sequence_align	small	mid	needle	NA	0.45	0.40	0.04	321972	97%
biopython	small	mid	needle	NA	0.34	0.45	0.27	55400	212%
python	small	mid	blank	NA	0.03	0.01	0.01	11392	75%
python-alnSeq	small	mid	hirschberg	NA	0.18	0.16	0.01	11392	95%
sequence_align	small	mid	hirschberg	NA	0.30	0.29	0.00	12160	96%
python-alnSeq	small	mid	needle	NA	0.14	0.13	0.00	30084	93%
python-alnSeq	small	mid	water	NA	0.13	0.11	0.01	30012	94%
sequence_align	small	mid	needle	NA	0.40	0.36	0.03	321968	97%
biopython	small	mid	needle	NA	0.34	0.43	0.28	55128	205%
python	small	mid	blank	NA	0.03	0.02	0.00	11520	75%
python-alnSeq	small	mid	hirschberg	NA	0.17	0.16	0.00	11008	94%
sequence_align	small	mid	hirschberg	NA	0.31	0.30	0.00	12416	97%
python-alnSeq	small	mid	needle	NA	0.14	0.13	0.00	30220	93%
python-alnSeq	small	mid	water	NA	0.14	0.12	0.01	29920	94%
sequence_align	small	mid	needle	NA	0.39	0.32	0.05	321976	97%
biopython	small	mid	needle	NA	0.34	0.46	0.26	55268	211%
python	small	mid	blank	NA	0.03	0.01	0.00	11264	73%
python-alnSeq	small	mid	hirschberg	NA	0.18	0.16	0.00	11264	96%
sequence_align	small	mid	hirschberg	NA	0.30	0.29	0.00	12416	97%
python-alnSeq	small	mid	needle	NA	0.15	0.13	0.00	30092	94%
python-alnSeq	small	mid	water	NA	0.13	0.11	0.00	29956	94%
sequence_align	small	mid	needle	NA	0.40	0.34	0.04	321772	97%
biopython	small	mid	needle	NA	0.33	0.43	0.26	55400	207%
python	small	mid	blank	NA	0.03	0.01	0.00	11648	69%
python-alnSeq	small	mid	hirschberg	NA	0.17	0.16	0.00	11136	96%
sequence_align	small	mid	hirschberg	NA	0.30	0.29	0.00	12416	97%
python-alnSeq	small	mid	needle	NA	0.14	0.13	0.00	30088	95%
python-alnSeq	small	mid	water	NA	0.13	0.12	0.00	29960	93%
sequence_align	small	mid	needle	NA	0.45	0.38	0.05	321460	98%
biopython	small	mid	needle	NA	0.33	0.49	0.24	55016	219%
python	small	mid	blank	NA	0.03	0.02	0.00	11520	80%
python-alnSeq	small	mid	hirschberg	NA	0.17	0.16	0.00	11264	96%
sequence_align	small	mid	hirschberg	NA	0.30	0.28	0.00	12416	97%
python-alnSeq	small	mid	needle	NA	0.15	0.13	0.00	29636	94%
python-alnSeq	small	mid	water	NA	0.16	0.14	0.01	30084	95%
sequence_align	small	mid	needle	NA	0.41	0.34	0.06	322348	98%
biopython	small	mid	needle	NA	0.32	0.43	0.29	55000	225%
python	small	mid	blank	NA	0.03	0.02	0.00	11520	78%
python-alnSeq	small	mid	hirschberg	NA	0.18	0.17	0.00	11008	95%
sequence_align	small	mid	hirschberg	NA	0.30	0.28	0.01	12416	97%
python-alnSeq	small	mid	needle	NA	0.14	0.13	0.00	30084	94%
python-alnSeq	small	mid	water	NA	0.14	0.12	0.00	30084	94%
sequence_align	small	mid	needle	NA	0.42	0.34	0.07	321768	98%
biopython	small	mid	needle	NA	0.34	0.47	0.28	55148	220%
python	small	mid	blank	NA	0.03	0.02	0.00	11520	75%
python-alnSeq	small	mid	hirschberg	NA	0.18	0.17	0.00	11136	95%
sequence_align	small	mid	hirschberg	NA	0.30	0.28	0.01	12544	97%
python-alnSeq	small	mid	needle	NA	0.14	0.13	0.00	29964	93%
python-alnSeq	small	mid	water	NA	0.14	0.13	0.00	30084	94%
sequence_align	small	mid	needle	NA	0.40	0.36	0.03	322356	97%
biopython	small	mid	needle	NA	0.33	0.45	0.28	55300	225%
python	small	large	blank	NA	0.03	0.02	0.00	11520	75%
python-alnSeq	small	large	hirschberg	NA	0.40	0.38	0.00	11264	97%
sequence_align	small	large	hirschberg	NA	0.75	0.72	0.01	13184	98%
python-alnSeq	small	large	needle	NA	0.33	0.29	0.02	59296	97%
python-alnSeq	small	large	water	NA	0.29	0.26	0.02	59296	96%
sequence_align	small	large	needle	NA	0.93	0.83	0.09	789696	98%
biopython	small	large	needle	NA	0.54	0.59	0.29	84584	163%
python	small	large	blank	NA	0.03	0.01	0.01	11648	78%
python-alnSeq	small	large	hirschberg	NA	0.39	0.37	0.01	11520	97%
sequence_align	small	large	hirschberg	NA	0.72	0.70	0.00	13312	98%
python-alnSeq	small	large	needle	NA	0.32	0.31	0.00	59300	97%
python-alnSeq	small	large	water	NA	0.28	0.27	0.00	59304	96%
sequence_align	small	large	needle	NA	0.94	0.83	0.09	790200	99%
biopython	small	large	needle	NA	0.54	0.66	0.30	84612	175%
python	small	large	blank	NA	0.04	0.02	0.01	11520	80%
python-alnSeq	small	large	hirschberg	NA	0.42	0.42	0.00	11264	97%
sequence_align	small	large	hirschberg	NA	0.74	0.72	0.00	13440	98%
python-alnSeq	small	large	needle	NA	0.33	0.30	0.01	59300	96%
python-alnSeq	small	large	water	NA	0.29	0.27	0.01	59300	97%
sequence_align	small	large	needle	NA	0.91	0.80	0.09	790204	99%
biopython	small	large	needle	NA	0.53	0.62	0.32	84840	177%
python	small	large	blank	NA	0.03	0.01	0.00	11776	72%
python-alnSeq	small	large	hirschberg	NA	0.40	0.39	0.00	11392	97%
sequence_align	small	large	hirschberg	NA	0.74	0.72	0.00	13184	98%
python-alnSeq	small	large	needle	NA	0.32	0.30	0.01	59300	97%
python-alnSeq	small	large	water	NA	0.29	0.26	0.02	59296	96%
sequence_align	small	large	needle	NA	0.94	0.82	0.10	790716	98%
biopython	small	large	needle	NA	0.53	0.65	0.27	84588	173%
python	small	large	blank	NA	0.03	0.02	0.00	11776	75%
python-alnSeq	small	large	hirschberg	NA	0.40	0.38	0.00	11136	97%
sequence_align	small	large	hirschberg	NA	0.72	0.70	0.00	13440	98%
python-alnSeq	small	large	needle	NA	0.33	0.32	0.00	59428	97%
python-alnSeq	small	large	water	NA	0.29	0.27	0.01	59296	96%
sequence_align	small	large	needle	NA	0.96	0.87	0.07	789156	98%
biopython	small	large	needle	NA	0.56	0.60	0.26	84840	154%
python	small	large	blank	NA	0.03	0.01	0.01	11776	70%
python-alnSeq	small	large	hirschberg	NA	0.41	0.40	0.00	11392	97%
sequence_align	small	large	hirschberg	NA	0.72	0.71	0.00	13312	98%
python-alnSeq	small	large	needle	NA	0.32	0.30	0.00	59172	96%
python-alnSeq	small	large	water	NA	0.29	0.28	0.00	59300	96%
sequence_align	small	large	needle	NA	0.93	0.85	0.07	790712	99%
biopython	small	large	needle	NA	0.51	0.60	0.32	84716	180%
python	small	large	blank	NA	0.03	0.02	0.00	11520	77%
python-alnSeq	small	large	hirschberg	NA	0.40	0.38	0.00	11392	97%
sequence_align	small	large	hirschberg	NA	0.73	0.71	0.00	13056	98%
python-alnSeq	small	large	needle	NA	0.32	0.31	0.00	59304	97%
python-alnSeq	small	large	water	NA	0.29	0.26	0.01	59300	96%
sequence_align	small	large	needle	NA	0.92	0.83	0.07	787512	98%
biopython	small	large	needle	NA	0.51	0.60	0.33	84768	180%
python	small	large	blank	NA	0.03	0.02	0.00	11520	78%
python-alnSeq	small	large	hirschberg	NA	0.40	0.38	0.00	11520	98%
sequence_align	small	large	hirschberg	NA	0.76	0.72	0.02	13184	98%
python-alnSeq	small	large	needle	NA	0.32	0.30	0.01	59300	97%
python-alnSeq	small	large	water	NA	0.31	0.28	0.01	58920	97%
sequence_align	small	large	needle	NA	0.95	0.83	0.10	790712	98%
biopython	small	large	needle	NA	0.56	0.62	0.27	84616	158%
python	small	large	blank	NA	0.03	0.01	0.00	11776	72%
python-alnSeq	small	large	hirschberg	NA	0.41	0.38	0.01	11392	97%
sequence_align	small	large	hirschberg	NA	0.73	0.71	0.00	13056	98%
python-alnSeq	small	large	needle	NA	0.32	0.30	0.01	59296	97%
python-alnSeq	small	large	water	NA	0.29	0.28	0.00	59296	96%
sequence_align	small	large	needle	NA	0.94	0.83	0.09	788664	99%
biopython	small	large	needle	NA	0.51	0.62	0.25	84624	172%
python	small	large	blank	NA	0.03	0.01	0.00	11520	75%
python-alnSeq	small	large	hirschberg	NA	0.41	0.40	0.00	11264	97%
sequence_align	small	large	hirschberg	NA	0.72	0.71	0.00	12928	98%
python-alnSeq	small	large	needle	NA	0.32	0.29	0.02	59420	97%
python-alnSeq	small	large	water	NA	0.30	0.28	0.00	59304	97%
sequence_align	small	large	needle	NA	1.00	0.90	0.09	788672	99%
biopython	small	large	needle	NA	0.54	0.56	0.33	84620	165%
python	small	ramKiller	blank	NA	0.04	0.02	0.00	13088	69%
python-alnSeq	small	ramKiller	hirschberg	NA	2.72	2.69	0.00	12416	99%
sequence_align	small	ramKiller	hirschberg	NA	4.99	4.93	0.01	24160	99%
python-alnSeq	small	ramKiller	needle	NA	2.18	2.11	0.01	356236	97%
python-alnSeq	small	ramKiller	water	NA	1.91	1.85	0.04	356616	98%
sequence_align	small	ramKiller	needle	NA	6.38	5.81	0.55	5547904	99%
biopython	small	ramKiller	needle	NA	2.57	2.27	0.59	384724	111%
python	small	ramKiller	blank	NA	0.04	0.02	0.01	13088	68%
python-alnSeq	small	ramKiller	hirschberg	NA	2.70	2.66	0.00	12284	99%
sequence_align	small	ramKiller	hirschberg	NA	4.94	4.88	0.03	24168	99%
python-alnSeq	small	ramKiller	needle	NA	2.15	2.10	0.03	356612	99%
python-alnSeq	small	ramKiller	water	NA	1.92	1.84	0.04	356612	98%
sequence_align	small	ramKiller	needle	NA	6.52	5.97	0.52	5546836	99%
biopython	small	ramKiller	needle	NA	2.47	2.27	0.48	385084	111%
python	small	ramKiller	blank	NA	0.04	0.01	0.01	12956	67%
python-alnSeq	small	ramKiller	hirschberg	NA	2.70	2.67	0.01	12420	99%
sequence_align	small	ramKiller	hirschberg	NA	4.93	4.91	0.00	24040	99%
python-alnSeq	small	ramKiller	needle	NA	2.14	2.08	0.04	356472	98%
python-alnSeq	small	ramKiller	water	NA	1.92	1.87	0.01	356612	98%
sequence_align	small	ramKiller	needle	NA	6.28	5.62	0.62	5548300	99%
biopython	small	ramKiller	needle	NA	2.51	2.35	0.50	385040	114%
python	small	ramKiller	blank	NA	0.04	0.02	0.00	12796	65%
python-alnSeq	small	ramKiller	hirschberg	NA	2.71	2.68	0.01	12416	99%
sequence_align	small	ramKiller	hirschberg	NA	4.93	4.88	0.01	24224	99%
python-alnSeq	small	ramKiller	needle	NA	2.20	2.09	0.05	356616	97%
python-alnSeq	small	ramKiller	water	NA	1.98	1.93	0.02	356612	98%
sequence_align	small	ramKiller	needle	NA	6.34	5.77	0.54	5546884	99%
biopython	small	ramKiller	needle	NA	2.55	2.30	0.55	384752	111%
python	small	ramKiller	blank	NA	0.04	0.01	0.01	13084	65%
python-alnSeq	small	ramKiller	hirschberg	NA	2.70	2.66	0.01	12332	99%
sequence_align	small	ramKiller	hirschberg	NA	4.98	4.94	0.01	24156	99%
python-alnSeq	small	ramKiller	needle	NA	2.16	2.10	0.02	356620	98%
python-alnSeq	small	ramKiller	water	NA	1.92	1.85	0.03	356740	98%
sequence_align	small	ramKiller	needle	NA	6.43	5.85	0.55	5545836	99%
biopython	small	ramKiller	needle	NA	2.52	2.35	0.54	385036	114%
python	small	ramKiller	blank	NA	0.04	0.02	0.00	13084	60%
python-alnSeq	small	ramKiller	hirschberg	NA	2.68	2.65	0.00	12284	99%
sequence_align	small	ramKiller	hirschberg	NA	4.93	4.88	0.02	24028	99%
python-alnSeq	small	ramKiller	needle	NA	2.15	2.10	0.01	356612	98%
python-alnSeq	small	ramKiller	water	NA	1.95	1.87	0.05	356324	98%
sequence_align	small	ramKiller	needle	NA	6.40	5.86	0.51	5547012	99%
biopython	small	ramKiller	needle	NA	2.51	2.38	0.49	385164	114%
python	small	ramKiller	blank	NA	0.05	0.03	0.00	13092	62%
python-alnSeq	small	ramKiller	hirschberg	NA	2.73	2.70	0.01	12284	99%
sequence_align	small	ramKiller	hirschberg	NA	4.97	4.93	0.01	24104	99%
python-alnSeq	small	ramKiller	needle	NA	2.17	2.11	0.01	356428	97%
python-alnSeq	small	ramKiller	water	NA	1.93	1.89	0.02	356740	99%
sequence_align	small	ramKiller	needle	NA	6.43	5.89	0.51	5548792	99%
biopython	small	ramKiller	needle	NA	2.61	2.38	0.52	384812	111%
python	small	ramKiller	blank	NA	0.05	0.02	0.01	13088	68%
python-alnSeq	small	ramKiller	hirschberg	NA	2.70	2.66	0.00	12364	98%
sequence_align	small	ramKiller	hirschberg	NA	4.96	4.92	0.02	24160	99%
python-alnSeq	small	ramKiller	needle	NA	2.16	2.08	0.05	356616	98%
python-alnSeq	small	ramKiller	water	NA	1.94	1.88	0.03	356616	98%
sequence_align	small	ramKiller	needle	NA	6.64	6.08	0.52	5545768	99%
biopython	small	ramKiller	needle	NA	2.50	2.37	0.48	384908	114%
python	small	ramKiller	blank	NA	0.04	0.02	0.00	13084	66%
python-alnSeq	small	ramKiller	hirschberg	NA	2.69	2.66	0.00	12288	98%
sequence_align	small	ramKiller	hirschberg	NA	4.92	4.87	0.01	24288	99%
python-alnSeq	small	ramKiller	needle	NA	2.16	2.10	0.03	356612	98%
python-alnSeq	small	ramKiller	water	NA	1.91	1.87	0.02	356612	99%
sequence_align	small	ramKiller	needle	NA	6.65	6.09	0.53	5548424	99%
biopython	small	ramKiller	needle	NA	2.54	2.38	0.49	385000	112%
python	small	ramKiller	blank	NA	0.04	0.02	0.00	13092	68%
python-alnSeq	small	ramKiller	hirschberg	NA	2.68	2.65	0.00	12412	98%
sequence_align	small	ramKiller	hirschberg	NA	4.96	4.93	0.01	24284	99%
python-alnSeq	small	ramKiller	needle	NA	2.18	2.10	0.02	356660	97%
python-alnSeq	small	ramKiller	water	NA	1.91	1.86	0.03	356616	98%
sequence_align	small	ramKiller	needle	NA	6.45	5.86	0.56	5547904	99%
biopython	small	ramKiller	needle	NA	2.64	2.34	0.55	384884	109%
python	mid	small	blank	NA	0.03	0.01	0.00	11520	70%
python-alnSeq	mid	small	hirschberg	NA	0.17	0.16	0.00	11520	94%
sequence_align	mid	small	hirschberg	NA	0.29	0.28	0.00	12416	96%
python-alnSeq	mid	small	needle	NA	0.14	0.14	0.00	29656	95%
python-alnSeq	mid	small	water	NA	0.13	0.12	0.00	29484	94%
sequence_align	mid	small	needle	NA	0.39	0.31	0.06	314096	97%
biopython	mid	small	needle	NA	0.34	0.39	0.25	54888	191%
python	mid	small	blank	NA	0.03	0.01	0.01	11520	78%
python-alnSeq	mid	small	hirschberg	NA	0.17	0.14	0.02	11264	94%
sequence_align	mid	small	hirschberg	NA	0.29	0.27	0.01	12160	96%
python-alnSeq	mid	small	needle	NA	0.14	0.13	0.00	29652	94%
python-alnSeq	mid	small	water	NA	0.13	0.11	0.01	29436	93%
sequence_align	mid	small	needle	NA	0.40	0.34	0.05	314092	97%
biopython	mid	small	needle	NA	0.34	0.42	0.27	55016	204%
python	mid	small	blank	NA	0.03	0.01	0.00	11520	78%
python-alnSeq	mid	small	hirschberg	NA	0.17	0.16	0.00	11520	95%
sequence_align	mid	small	hirschberg	NA	0.30	0.28	0.01	12288	97%
python-alnSeq	mid	small	needle	NA	0.14	0.12	0.01	29656	93%
python-alnSeq	mid	small	water	NA	0.13	0.11	0.00	29784	93%
sequence_align	mid	small	needle	NA	0.40	0.34	0.05	315124	97%
biopython	mid	small	needle	NA	0.33	0.43	0.31	55012	223%
python	mid	small	blank	NA	0.03	0.01	0.01	11520	75%
python-alnSeq	mid	small	hirschberg	NA	0.17	0.16	0.00	11136	95%
sequence_align	mid	small	hirschberg	NA	0.29	0.28	0.00	12288	96%
python-alnSeq	mid	small	needle	NA	0.14	0.13	0.00	29660	94%
python-alnSeq	mid	small	water	NA	0.13	0.12	0.00	29648	94%
sequence_align	mid	small	needle	NA	0.45	0.40	0.03	314080	97%
biopython	mid	small	needle	NA	0.35	0.48	0.26	55056	211%
python	mid	small	blank	NA	0.03	0.01	0.00	11392	77%
python-alnSeq	mid	small	hirschberg	NA	0.18	0.17	0.00	11392	95%
sequence_align	mid	small	hirschberg	NA	0.29	0.28	0.00	12288	96%
python-alnSeq	mid	small	needle	NA	0.14	0.13	0.00	29512	94%
python-alnSeq	mid	small	water	NA	0.13	0.11	0.01	29436	94%
sequence_align	mid	small	needle	NA	0.40	0.34	0.05	315628	98%
biopython	mid	small	needle	NA	0.32	0.45	0.29	55144	227%
python	mid	small	blank	NA	0.03	0.02	0.00	11648	78%
python-alnSeq	mid	small	hirschberg	NA	0.17	0.16	0.00	11392	95%
sequence_align	mid	small	hirschberg	NA	0.31	0.28	0.01	12160	96%
python-alnSeq	mid	small	needle	NA	0.14	0.13	0.00	29660	93%
python-alnSeq	mid	small	water	NA	0.13	0.12	0.00	29648	93%
sequence_align	mid	small	needle	NA	0.41	0.36	0.03	313932	98%
biopython	mid	small	needle	NA	0.34	0.44	0.28	55016	216%
python	mid	small	blank	NA	0.03	0.02	0.00	11520	81%
python-alnSeq	mid	small	hirschberg	NA	0.17	0.15	0.00	11392	94%
sequence_align	mid	small	hirschberg	NA	0.31	0.31	0.00	12288	97%
python-alnSeq	mid	small	needle	NA	0.14	0.12	0.00	29652	94%
python-alnSeq	mid	small	water	NA	0.13	0.11	0.00	29652	94%
sequence_align	mid	small	needle	NA	0.41	0.34	0.05	313808	98%
biopython	mid	small	needle	NA	0.32	0.44	0.30	54888	228%
python	mid	small	blank	NA	0.03	0.02	0.00	11392	75%
python-alnSeq	mid	small	hirschberg	NA	0.17	0.16	0.00	11520	96%
sequence_align	mid	small	hirschberg	NA	0.29	0.28	0.00	12160	96%
python-alnSeq	mid	small	needle	NA	0.14	0.13	0.00	29528	95%
python-alnSeq	mid	small	water	NA	0.14	0.12	0.00	29656	94%
sequence_align	mid	small	needle	NA	0.42	0.36	0.05	312436	97%
biopython	mid	small	needle	NA	0.34	0.39	0.22	55012	176%
python	mid	small	blank	NA	0.03	0.01	0.00	11520	73%
python-alnSeq	mid	small	hirschberg	NA	0.17	0.16	0.00	11392	96%
sequence_align	mid	small	hirschberg	NA	0.29	0.29	0.00	12160	97%
python-alnSeq	mid	small	needle	NA	0.14	0.14	0.00	29652	95%
python-alnSeq	mid	small	water	NA	0.13	0.10	0.01	29648	94%
sequence_align	mid	small	needle	NA	0.40	0.37	0.02	315628	98%
biopython	mid	small	needle	NA	0.34	0.46	0.29	55144	221%
python	mid	small	blank	NA	0.03	0.01	0.00	11648	72%
python-alnSeq	mid	small	hirschberg	NA	0.18	0.16	0.00	11136	95%
sequence_align	mid	small	hirschberg	NA	0.30	0.28	0.00	12160	97%
python-alnSeq	mid	small	needle	NA	0.14	0.13	0.00	29652	95%
python-alnSeq	mid	small	water	NA	0.13	0.12	0.00	29648	94%
sequence_align	mid	small	needle	NA	0.39	0.34	0.04	313964	97%
biopython	mid	small	needle	NA	0.37	0.44	0.22	54744	177%
python	mid	mid	blank	NA	0.03	0.02	0.00	11648	71%
python-alnSeq	mid	mid	hirschberg	NA	0.93	0.92	0.00	11264	99%
sequence_align	mid	mid	hirschberg	NA	1.71	1.69	0.00	13056	99%
python-alnSeq	mid	mid	needle	NA	0.75	0.73	0.01	129376	98%
python-alnSeq	mid	mid	water	NA	0.67	0.64	0.02	129376	98%
sequence_align	mid	mid	needle	NA	2.45	2.23	0.21	1908076	99%
biopython	mid	mid	needle	NA	1.09	1.18	0.32	154984	137%
python	mid	mid	blank	NA	0.03	0.01	0.00	11520	72%
python-alnSeq	mid	mid	hirschberg	NA	0.94	0.93	0.00	11392	99%
sequence_align	mid	mid	hirschberg	NA	1.75	1.74	0.00	13056	99%
python-alnSeq	mid	mid	needle	NA	0.75	0.73	0.01	129384	98%
python-alnSeq	mid	mid	water	NA	0.68	0.65	0.01	129212	98%
sequence_align	mid	mid	needle	NA	2.34	2.10	0.22	1908256	99%
biopython	mid	mid	needle	NA	1.08	1.13	0.36	154988	138%
python	mid	mid	blank	NA	0.03	0.01	0.00	11520	75%
python-alnSeq	mid	mid	hirschberg	NA	0.94	0.92	0.00	11392	99%
sequence_align	mid	mid	hirschberg	NA	1.76	1.74	0.01	12928	99%
python-alnSeq	mid	mid	needle	NA	0.75	0.72	0.01	129376	99%
python-alnSeq	mid	mid	water	NA	0.68	0.66	0.01	129372	98%
sequence_align	mid	mid	needle	NA	2.42	2.21	0.19	1909616	99%
biopython	mid	mid	needle	NA	1.08	1.14	0.36	155028	139%
python	mid	mid	blank	NA	0.03	0.02	0.00	11392	76%
python-alnSeq	mid	mid	hirschberg	NA	0.93	0.92	0.00	11392	99%
sequence_align	mid	mid	hirschberg	NA	1.72	1.71	0.00	13056	99%
python-alnSeq	mid	mid	needle	NA	0.76	0.73	0.01	129384	98%
python-alnSeq	mid	mid	water	NA	0.66	0.65	0.00	129372	98%
sequence_align	mid	mid	needle	NA	2.35	2.14	0.19	1909572	99%
biopython	mid	mid	needle	NA	1.17	1.19	0.36	155076	132%
python	mid	mid	blank	NA	0.04	0.02	0.00	11520	80%
python-alnSeq	mid	mid	hirschberg	NA	0.94	0.93	0.00	11264	99%
sequence_align	mid	mid	hirschberg	NA	1.72	1.70	0.00	12928	99%
python-alnSeq	mid	mid	needle	NA	0.75	0.72	0.01	129376	98%
python-alnSeq	mid	mid	water	NA	0.70	0.67	0.01	129208	98%
sequence_align	mid	mid	needle	NA	2.43	2.24	0.18	1910776	99%
biopython	mid	mid	needle	NA	1.08	1.12	0.36	154988	137%
python	mid	mid	blank	NA	0.03	0.01	0.00	11520	78%
python-alnSeq	mid	mid	hirschberg	NA	0.93	0.91	0.00	11264	98%
sequence_align	mid	mid	hirschberg	NA	1.73	1.72	0.00	12928	99%
python-alnSeq	mid	mid	needle	NA	0.75	0.74	0.00	129200	99%
python-alnSeq	mid	mid	water	NA	0.67	0.65	0.01	129156	98%
sequence_align	mid	mid	needle	NA	2.50	2.28	0.21	1910180	99%
biopython	mid	mid	needle	NA	1.20	1.16	0.30	154856	122%
python	mid	mid	blank	NA	0.03	0.02	0.00	11520	75%
python-alnSeq	mid	mid	hirschberg	NA	0.94	0.93	0.00	11392	99%
sequence_align	mid	mid	hirschberg	NA	1.71	1.70	0.00	12928	99%
python-alnSeq	mid	mid	needle	NA	0.75	0.71	0.02	129380	98%
python-alnSeq	mid	mid	water	NA	0.67	0.66	0.00	129252	98%
sequence_align	mid	mid	needle	NA	2.30	2.05	0.24	1909284	99%
biopython	mid	mid	needle	NA	1.10	1.16	0.36	154904	137%
python	mid	mid	blank	NA	0.03	0.02	0.00	11520	73%
python-alnSeq	mid	mid	hirschberg	NA	0.94	0.93	0.00	11392	99%
sequence_align	mid	mid	hirschberg	NA	1.73	1.72	0.00	12928	99%
python-alnSeq	mid	mid	needle	NA	0.75	0.73	0.00	129236	98%
python-alnSeq	mid	mid	water	NA	0.67	0.66	0.00	129304	98%
sequence_align	mid	mid	needle	NA	2.37	2.19	0.17	1910312	99%
biopython	mid	mid	needle	NA	1.07	1.11	0.38	154984	139%
python	mid	mid	blank	NA	0.03	0.02	0.00	11264	77%
python-alnSeq	mid	mid	hirschberg	NA	0.94	0.92	0.00	11392	99%
sequence_align	mid	mid	hirschberg	NA	1.69	1.67	0.01	12800	99%
python-alnSeq	mid	mid	needle	NA	0.75	0.73	0.01	129376	99%
python-alnSeq	mid	mid	water	NA	0.69	0.65	0.02	129372	98%
sequence_align	mid	mid	needle	NA	2.30	2.12	0.17	1908428	99%
biopython	mid	mid	needle	NA	1.08	1.10	0.40	154656	138%
python	mid	mid	blank	NA	0.03	0.01	0.01	11392	70%
python-alnSeq	mid	mid	hirschberg	NA	0.94	0.93	0.00	11264	99%
sequence_align	mid	mid	hirschberg	NA	1.73	1.73	0.00	13056	99%
python-alnSeq	mid	mid	needle	NA	0.75	0.74	0.00	129376	99%
python-alnSeq	mid	mid	water	NA	0.67	0.65	0.01	129372	98%
sequence_align	mid	mid	needle	NA	2.36	2.13	0.22	1909800	99%
biopython	mid	mid	needle	NA	1.13	1.19	0.30	154944	132%
python	mid	large	blank	NA	0.03	0.01	0.00	11904	77%
python-alnSeq	mid	large	hirschberg	NA	2.35	2.34	0.00	11264	99%
sequence_align	mid	large	hirschberg	NA	4.25	4.23	0.00	14208	99%
python-alnSeq	mid	large	needle	NA	1.85	1.82	0.02	308980	99%
python-alnSeq	mid	large	water	NA	1.67	1.63	0.03	308976	99%
sequence_align	mid	large	needle	NA	6.05	5.56	0.47	4782052	99%
biopython	mid	large	needle	NA	2.54	2.42	0.48	335408	114%
python	mid	large	blank	NA	0.04	0.03	0.00	11904	80%
python-alnSeq	mid	large	hirschberg	NA	2.34	2.32	0.01	11520	99%
sequence_align	mid	large	hirschberg	NA	4.53	4.52	0.00	14208	99%
python-alnSeq	mid	large	needle	NA	1.86	1.83	0.01	309084	99%
python-alnSeq	mid	large	water	NA	1.70	1.67	0.01	308696	99%
sequence_align	mid	large	needle	NA	5.94	5.44	0.48	4782692	99%
biopython	mid	large	needle	NA	2.63	2.39	0.47	335448	108%
python	mid	large	blank	NA	0.03	0.02	0.00	11776	71%
python-alnSeq	mid	large	hirschberg	NA	2.36	2.35	0.00	11520	99%
sequence_align	mid	large	hirschberg	NA	4.34	4.32	0.00	14080	99%
python-alnSeq	mid	large	needle	NA	1.91	1.87	0.03	308828	99%
python-alnSeq	mid	large	water	NA	1.67	1.66	0.00	308972	99%
sequence_align	mid	large	needle	NA	6.32	5.81	0.49	4784108	99%
biopython	mid	large	needle	NA	2.58	2.44	0.54	335624	115%
python	mid	large	blank	NA	0.04	0.02	0.01	11520	78%
python-alnSeq	mid	large	hirschberg	NA	2.54	2.48	0.00	11008	97%
sequence_align	mid	large	hirschberg	NA	4.69	4.66	0.01	13952	99%
python-alnSeq	mid	large	needle	NA	1.86	1.83	0.02	308752	99%
python-alnSeq	mid	large	water	NA	1.68	1.64	0.02	308972	99%
sequence_align	mid	large	needle	NA	6.13	5.68	0.43	4783396	99%
biopython	mid	large	needle	NA	2.56	2.38	0.44	335376	110%
python	mid	large	blank	NA	0.03	0.01	0.01	11520	74%
python-alnSeq	mid	large	hirschberg	NA	2.35	2.33	0.00	11392	99%
sequence_align	mid	large	hirschberg	NA	4.32	4.31	0.00	14080	99%
python-alnSeq	mid	large	needle	NA	1.87	1.84	0.02	308780	99%
python-alnSeq	mid	large	water	NA	1.73	1.69	0.02	308972	99%
sequence_align	mid	large	needle	NA	6.73	6.13	0.55	4783588	99%
biopython	mid	large	needle	NA	2.58	2.46	0.48	335332	114%
python	mid	large	blank	NA	0.03	0.01	0.01	11648	72%
python-alnSeq	mid	large	hirschberg	NA	2.44	2.41	0.01	11392	99%
sequence_align	mid	large	hirschberg	NA	4.37	4.34	0.01	13952	99%
python-alnSeq	mid	large	needle	NA	1.86	1.82	0.02	308856	99%
python-alnSeq	mid	large	water	NA	1.67	1.62	0.04	308812	99%
sequence_align	mid	large	needle	NA	6.77	6.18	0.56	4782464	99%
biopython	mid	large	needle	NA	2.83	2.52	0.52	335296	107%
python	mid	large	blank	NA	0.03	0.02	0.00	11648	78%
python-alnSeq	mid	large	hirschberg	NA	2.46	2.45	0.00	11392	99%
sequence_align	mid	large	hirschberg	NA	4.61	4.56	0.00	13696	99%
python-alnSeq	mid	large	needle	NA	1.92	1.90	0.01	308840	99%
python-alnSeq	mid	large	water	NA	1.85	1.79	0.03	308860	99%
sequence_align	mid	large	needle	NA	6.63	6.15	0.47	4782704	99%
biopython	mid	large	needle	NA	2.54	2.43	0.51	335616	115%
python	mid	large	blank	NA	0.03	0.02	0.00	11648	71%
python-alnSeq	mid	large	hirschberg	NA	2.34	2.32	0.00	11520	99%
sequence_align	mid	large	hirschberg	NA	4.29	4.28	0.00	14080	99%
python-alnSeq	mid	large	needle	NA	1.87	1.82	0.03	308852	99%
python-alnSeq	mid	large	water	NA	1.68	1.67	0.00	308980	99%
sequence_align	mid	large	needle	NA	6.48	5.95	0.52	4783596	99%
biopython	mid	large	needle	NA	2.56	2.44	0.49	335412	114%
python	mid	large	blank	NA	0.03	0.02	0.00	11776	76%
python-alnSeq	mid	large	hirschberg	NA	2.50	2.48	0.00	11264	99%
sequence_align	mid	large	hirschberg	NA	4.78	4.75	0.01	13696	99%
python-alnSeq	mid	large	needle	NA	1.94	1.90	0.03	308876	99%
python-alnSeq	mid	large	water	NA	1.82	1.77	0.04	308540	99%
sequence_align	mid	large	needle	NA	7.26	6.49	0.50	4783360	96%
biopython	mid	large	needle	NA	2.74	2.54	0.50	335252	110%
python	mid	large	blank	NA	0.08	0.02	0.00	11520	40%
python-alnSeq	mid	large	hirschberg	NA	2.50	2.49	0.00	11392	99%
sequence_align	mid	large	hirschberg	NA	4.56	4.35	0.17	14080	99%
python-alnSeq	mid	large	needle	NA	1.91	1.88	0.02	308752	99%
python-alnSeq	mid	large	water	NA	1.74	1.68	0.03	308952	98%
sequence_align	mid	large	needle	NA	7.83	7.28	0.50	4783596	99%
biopython	mid	large	needle	NA	2.71	2.51	0.42	335444	108%
python	mid	ramKiller	blank	NA	0.05	0.02	0.01	13096	63%
python-alnSeq	mid	ramKiller	hirschberg	NA	16.59	16.56	0.00	12300	99%
sequence_align	mid	ramKiller	hirschberg	NA	30.85	30.81	0.01	25140	99%
python	mid	ramKiller	blank	NA	0.05	0.02	0.00	13100	64%
python-alnSeq	mid	ramKiller	hirschberg	NA	16.50	16.46	0.01	12348	99%
sequence_align	mid	ramKiller	hirschberg	NA	30.41	30.33	0.02	25024	99%
python	mid	ramKiller	blank	NA	0.04	0.02	0.00	13060	61%
python-alnSeq	mid	ramKiller	hirschberg	NA	16.46	16.43	0.00	12684	99%
sequence_align	mid	ramKiller	hirschberg	NA	30.46	30.41	0.01	25172	99%
python	mid	ramKiller	blank	NA	0.04	0.02	0.01	12712	63%
python-alnSeq	mid	ramKiller	hirschberg	NA	16.48	16.45	0.00	12432	99%
sequence_align	mid	ramKiller	hirschberg	NA	30.70	30.65	0.01	25276	99%
python	mid	ramKiller	blank	NA	0.04	0.02	0.00	13104	65%
python-alnSeq	mid	ramKiller	hirschberg	NA	16.67	16.65	0.00	12432	99%
sequence_align	mid	ramKiller	hirschberg	NA	30.78	30.70	0.02	25236	99%
python	mid	ramKiller	blank	NA	0.04	0.03	0.00	13008	69%
python-alnSeq	mid	ramKiller	hirschberg	NA	16.68	16.64	0.01	12308	99%
sequence_align	mid	ramKiller	hirschberg	NA	30.60	30.53	0.03	25108	99%
python	mid	ramKiller	blank	NA	0.04	0.03	0.00	12928	69%
python-alnSeq	mid	ramKiller	hirschberg	NA	16.52	16.48	0.01	12436	99%
sequence_align	mid	ramKiller	hirschberg	NA	30.66	30.60	0.03	25056	99%
python	mid	ramKiller	blank	NA	0.04	0.02	0.00	12972	63%
python-alnSeq	mid	ramKiller	hirschberg	NA	16.72	16.67	0.03	12432	99%
sequence_align	mid	ramKiller	hirschberg	NA	30.79	30.72	0.02	25184	99%
python	mid	ramKiller	blank	NA	0.04	0.03	0.00	13104	65%
python-alnSeq	mid	ramKiller	hirschberg	NA	16.48	16.44	0.00	12428	99%
sequence_align	mid	ramKiller	hirschberg	NA	30.42	30.37	0.01	25268	99%
python	mid	ramKiller	blank	NA	0.04	0.02	0.00	13100	67%
python-alnSeq	mid	ramKiller	hirschberg	NA	16.45	16.40	0.00	12260	99%
sequence_align	mid	ramKiller	hirschberg	NA	30.37	30.30	0.02	25268	99%
python	large	small	blank	NA	0.03	0.01	0.01	11776	74%
python-alnSeq	large	small	hirschberg	NA	0.39	0.38	0.00	11776	97%
sequence_align	large	small	hirschberg	NA	0.71	0.69	0.01	13440	98%
python-alnSeq	large	small	needle	NA	0.33	0.31	0.01	59228	97%
python-alnSeq	large	small	water	NA	0.29	0.28	0.00	59200	96%
sequence_align	large	small	needle	NA	0.96	0.85	0.10	787136	99%
biopython	large	small	needle	NA	0.96	0.70	0.26	84780	101%
python	large	small	blank	NA	0.03	0.01	0.01	11904	78%
python-alnSeq	large	small	hirschberg	NA	0.42	0.40	0.00	11520	97%
sequence_align	large	small	hirschberg	NA	0.71	0.68	0.01	13568	98%
python-alnSeq	large	small	needle	NA	0.32	0.30	0.01	59360	96%
python-alnSeq	large	small	water	NA	0.30	0.28	0.01	59336	97%
sequence_align	large	small	needle	NA	0.94	0.85	0.08	786624	98%
biopython	large	small	needle	NA	0.50	0.61	0.30	85200	181%
python	large	small	blank	NA	0.05	0.03	0.01	11520	81%
python-alnSeq	large	small	hirschberg	NA	0.40	0.39	0.00	11648	97%
sequence_align	large	small	hirschberg	NA	0.75	0.73	0.00	13440	98%
python-alnSeq	large	small	needle	NA	0.32	0.30	0.01	59232	96%
python-alnSeq	large	small	water	NA	0.30	0.27	0.02	59332	96%
sequence_align	large	small	needle	NA	0.93	0.83	0.09	787652	99%
biopython	large	small	needle	NA	0.52	0.60	0.32	85096	179%
python	large	small	blank	NA	0.03	0.01	0.00	11648	76%
python-alnSeq	large	small	hirschberg	NA	0.41	0.39	0.01	11648	98%
sequence_align	large	small	hirschberg	NA	0.72	0.71	0.00	13312	98%
python-alnSeq	large	small	needle	NA	0.33	0.31	0.00	59356	96%
python-alnSeq	large	small	water	NA	0.30	0.27	0.01	59340	97%
sequence_align	large	small	needle	NA	0.97	0.85	0.10	786624	98%
biopython	large	small	needle	NA	0.55	0.64	0.29	84972	169%
python	large	small	blank	NA	0.08	0.05	0.01	11648	86%
python-alnSeq	large	small	hirschberg	NA	0.40	0.39	0.00	11648	97%
sequence_align	large	small	hirschberg	NA	0.73	0.71	0.00	13184	98%
python-alnSeq	large	small	needle	NA	0.33	0.31	0.00	59356	97%
python-alnSeq	large	small	water	NA	0.31	0.29	0.01	59216	97%
sequence_align	large	small	needle	NA	0.96	0.85	0.10	787140	98%
biopython	large	small	needle	NA	0.50	0.62	0.28	85088	179%
python	large	small	blank	NA	0.03	0.01	0.00	11520	69%
python-alnSeq	large	small	hirschberg	NA	0.43	0.41	0.01	11520	97%
sequence_align	large	small	hirschberg	NA	0.71	0.69	0.01	13440	98%
python-alnSeq	large	small	needle	NA	0.33	0.31	0.01	59364	97%
python-alnSeq	large	small	water	NA	0.29	0.28	0.00	59340	96%
sequence_align	large	small	needle	NA	0.94	0.85	0.07	788164	98%
biopython	large	small	needle	NA	0.51	0.60	0.30	85096	176%
python	large	small	blank	NA	0.03	0.02	0.00	11904	78%
python-alnSeq	large	small	hirschberg	NA	0.41	0.39	0.01	11648	97%
sequence_align	large	small	hirschberg	NA	0.71	0.69	0.00	13184	98%
python-alnSeq	large	small	needle	NA	0.33	0.31	0.00	59236	96%
python-alnSeq	large	small	water	NA	0.29	0.27	0.00	59336	96%
sequence_align	large	small	needle	NA	0.97	0.86	0.09	786884	99%
biopython	large	small	needle	NA	0.51	0.57	0.29	85096	170%
python	large	small	blank	NA	0.03	0.01	0.00	11776	71%
python-alnSeq	large	small	hirschberg	NA	0.41	0.38	0.01	11648	97%
sequence_align	large	small	hirschberg	NA	0.72	0.70	0.00	13440	98%
python-alnSeq	large	small	needle	NA	0.32	0.30	0.01	59484	96%
python-alnSeq	large	small	water	NA	0.29	0.27	0.01	59340	96%
sequence_align	large	small	needle	NA	0.94	0.83	0.09	785604	98%
biopython	large	small	needle	NA	0.54	0.64	0.31	85056	176%
python	large	small	blank	NA	0.03	0.02	0.00	11776	73%
python-alnSeq	large	small	hirschberg	NA	0.41	0.38	0.01	11648	97%
sequence_align	large	small	hirschberg	NA	0.71	0.69	0.01	13440	98%
python-alnSeq	large	small	needle	NA	0.33	0.31	0.00	59340	96%
python-alnSeq	large	small	water	NA	0.29	0.26	0.02	59208	96%
sequence_align	large	small	needle	NA	0.93	0.85	0.06	787144	98%
biopython	large	small	needle	NA	0.52	0.62	0.32	84892	179%
python	large	small	blank	NA	0.03	0.01	0.00	11520	73%
python-alnSeq	large	small	hirschberg	NA	0.41	0.39	0.00	11776	97%
sequence_align	large	small	hirschberg	NA	0.71	0.69	0.00	13440	98%
python-alnSeq	large	small	needle	NA	0.33	0.30	0.02	59360	97%
python-alnSeq	large	small	water	NA	0.30	0.27	0.02	59192	97%
sequence_align	large	small	needle	NA	0.93	0.84	0.08	787136	98%
biopython	large	small	needle	NA	0.52	0.62	0.28	84840	172%
python	large	mid	blank	NA	0.03	0.02	0.00	11776	74%
python-alnSeq	large	mid	hirschberg	NA	2.37	2.35	0.00	12032	99%
sequence_align	large	mid	hirschberg	NA	4.36	4.35	0.00	14336	99%
python-alnSeq	large	mid	needle	NA	1.89	1.86	0.02	316000	99%
python-alnSeq	large	mid	water	NA	1.75	1.72	0.02	316104	99%
sequence_align	large	mid	needle	NA	6.01	5.44	0.56	4895636	99%
biopython	large	mid	needle	NA	2.70	2.62	0.47	342944	114%
python	large	mid	blank	NA	0.03	0.01	0.01	11520	75%
python-alnSeq	large	mid	hirschberg	NA	2.41	2.39	0.00	11648	99%
sequence_align	large	mid	hirschberg	NA	4.35	4.33	0.00	14080	99%
python-alnSeq	large	mid	needle	NA	1.89	1.84	0.03	315964	99%
python-alnSeq	large	mid	water	NA	1.73	1.69	0.02	316112	99%
sequence_align	large	mid	needle	NA	6.21	5.78	0.41	4895080	99%
biopython	large	mid	needle	NA	2.89	2.65	0.50	342536	108%
python	large	mid	blank	NA	0.03	0.01	0.00	11776	72%
python-alnSeq	large	mid	hirschberg	NA	2.42	2.40	0.01	11392	99%
sequence_align	large	mid	hirschberg	NA	4.39	4.38	0.00	14336	99%
python-alnSeq	large	mid	needle	NA	1.89	1.85	0.03	316124	99%
python-alnSeq	large	mid	water	NA	1.67	1.62	0.04	316104	99%
sequence_align	large	mid	needle	NA	5.99	5.47	0.50	4896844	99%
biopython	large	mid	needle	NA	2.71	2.66	0.44	342644	114%
python	large	mid	blank	NA	0.03	0.02	0.00	11520	77%
python-alnSeq	large	mid	hirschberg	NA	2.36	2.35	0.00	11776	99%
sequence_align	large	mid	hirschberg	NA	4.35	4.33	0.00	14336	99%
python-alnSeq	large	mid	needle	NA	1.90	1.83	0.05	315984	99%
python-alnSeq	large	mid	water	NA	1.73	1.70	0.01	315856	99%
sequence_align	large	mid	needle	NA	6.21	5.76	0.43	4895144	99%
biopython	large	mid	needle	NA	2.78	2.69	0.49	342740	114%
python	large	mid	blank	NA	0.03	0.02	0.00	11776	71%
python-alnSeq	large	mid	hirschberg	NA	2.39	2.38	0.00	11904	99%
sequence_align	large	mid	hirschberg	NA	4.34	4.32	0.00	14080	99%
python-alnSeq	large	mid	needle	NA	1.90	1.85	0.03	315956	99%
python-alnSeq	large	mid	water	NA	1.70	1.67	0.02	315988	99%
sequence_align	large	mid	needle	NA	5.88	5.40	0.46	4895568	99%
biopython	large	mid	needle	NA	2.79	2.67	0.49	342896	113%
python	large	mid	blank	NA	0.03	0.02	0.00	11776	77%
python-alnSeq	large	mid	hirschberg	NA	2.40	2.38	0.00	11520	99%
sequence_align	large	mid	hirschberg	NA	4.46	4.40	0.02	14208	99%
python-alnSeq	large	mid	needle	NA	1.90	1.87	0.01	316004	99%
python-alnSeq	large	mid	water	NA	1.69	1.67	0.01	316104	99%
sequence_align	large	mid	needle	NA	6.01	5.43	0.57	4895692	99%
biopython	large	mid	needle	NA	2.80	2.61	0.45	342172	109%
python	large	mid	blank	NA	0.03	0.02	0.00	11520	73%
python-alnSeq	large	mid	hirschberg	NA	2.38	2.36	0.00	11776	99%
sequence_align	large	mid	hirschberg	NA	4.37	4.35	0.01	14464	99%
python-alnSeq	large	mid	needle	NA	1.89	1.84	0.03	315996	99%
python-alnSeq	large	mid	water	NA	1.68	1.64	0.01	316108	99%
sequence_align	large	mid	needle	NA	6.19	5.69	0.49	4896332	99%
biopython	large	mid	needle	NA	2.73	2.65	0.48	342940	114%
python	large	mid	blank	NA	0.03	0.02	0.00	11904	74%
python-alnSeq	large	mid	hirschberg	NA	2.40	2.38	0.00	11520	99%
sequence_align	large	mid	hirschberg	NA	4.36	4.34	0.01	14208	99%
python-alnSeq	large	mid	needle	NA	1.89	1.86	0.01	316052	99%
python-alnSeq	large	mid	water	NA	1.70	1.66	0.02	316108	99%
sequence_align	large	mid	needle	NA	6.18	5.66	0.51	4895820	99%
biopython	large	mid	needle	NA	2.78	2.65	0.47	342440	112%
python	large	mid	blank	NA	0.03	0.02	0.00	11904	75%
python-alnSeq	large	mid	hirschberg	NA	2.37	2.35	0.01	11520	99%
sequence_align	large	mid	hirschberg	NA	4.46	4.44	0.01	14464	99%
python-alnSeq	large	mid	needle	NA	1.92	1.85	0.03	316132	97%
python-alnSeq	large	mid	water	NA	1.71	1.67	0.03	316068	99%
sequence_align	large	mid	needle	NA	6.11	5.61	0.48	4895588	99%
biopython	large	mid	needle	NA	2.78	2.70	0.48	342824	114%
python	large	mid	blank	NA	0.03	0.01	0.00	11776	72%
python-alnSeq	large	mid	hirschberg	NA	2.41	2.38	0.01	11648	99%
sequence_align	large	mid	hirschberg	NA	4.39	4.38	0.00	14080	99%
python-alnSeq	large	mid	needle	NA	1.89	1.84	0.03	315844	99%
python-alnSeq	large	mid	water	NA	1.74	1.70	0.02	316108	99%
sequence_align	large	mid	needle	NA	6.06	5.57	0.47	4895820	99%
biopython	large	mid	needle	NA	2.88	2.71	0.48	342664	111%
python	large	large	blank	NA	0.03	0.01	0.00	11648	73%
python-alnSeq	large	large	hirschberg	NA	5.98	5.97	0.00	11264	99%
sequence_align	large	large	hirschberg	NA	11.05	11.02	0.01	15104	99%
python-alnSeq	large	large	needle	NA	4.73	4.68	0.03	778344	99%
python-alnSeq	large	large	water	NA	4.28	4.23	0.03	778284	99%
sequence_align	large	large	needle	NA	15.91	14.07	1.83	12292444	99%
biopython	large	large	needle	NA	5.42	4.84	0.82	804204	104%
python	large	large	blank	NA	0.03	0.02	0.00	11904	73%
python-alnSeq	large	large	hirschberg	NA	5.91	5.90	0.00	11904	99%
sequence_align	large	large	hirschberg	NA	11.03	11.00	0.01	15104	99%
python-alnSeq	large	large	needle	NA	4.72	4.66	0.04	778368	99%
python-alnSeq	large	large	water	NA	4.21	4.14	0.06	778296	99%
sequence_align	large	large	needle	NA	15.85	14.00	1.83	12292752	99%
biopython	large	large	needle	NA	5.43	4.92	0.82	803824	105%
python	large	large	blank	NA	0.03	0.01	0.00	11776	72%
python-alnSeq	large	large	hirschberg	NA	6.00	5.97	0.01	11648	99%
sequence_align	large	large	hirschberg	NA	11.36	11.34	0.00	15232	99%
python-alnSeq	large	large	needle	NA	4.84	4.71	0.08	778360	99%
python-alnSeq	large	large	water	NA	4.49	4.41	0.07	778476	99%
sequence_align	large	large	needle	NA	18.63	16.88	1.73	12292440	99%
biopython	large	large	needle	NA	5.45	4.92	0.90	804140	106%
python	large	large	blank	NA	0.03	0.01	0.01	11520	76%
python-alnSeq	large	large	hirschberg	NA	6.05	6.02	0.01	11904	99%
sequence_align	large	large	hirschberg	NA	11.11	11.09	0.00	15232	99%
python-alnSeq	large	large	needle	NA	4.71	4.65	0.05	778492	99%
python-alnSeq	large	large	water	NA	4.28	4.23	0.04	778472	99%
sequence_align	large	large	needle	NA	15.52	13.79	1.70	12292668	99%
biopython	large	large	needle	NA	5.53	4.95	0.85	803556	104%
python	large	large	blank	NA	0.03	0.02	0.00	11520	74%
python-alnSeq	large	large	hirschberg	NA	6.07	6.05	0.00	11648	99%
sequence_align	large	large	hirschberg	NA	11.10	11.08	0.01	15232	99%
python-alnSeq	large	large	needle	NA	4.75	4.69	0.05	778448	99%
python-alnSeq	large	large	water	NA	4.48	4.43	0.04	778400	99%
sequence_align	large	large	needle	NA	16.81	14.97	1.81	12292032	99%
biopython	large	large	needle	NA	5.36	4.93	0.74	803948	105%
python	large	large	blank	NA	0.03	0.02	0.00	11776	77%
python-alnSeq	large	large	hirschberg	NA	6.09	6.06	0.01	11520	99%
sequence_align	large	large	hirschberg	NA	11.28	11.20	0.02	15232	99%
python-alnSeq	large	large	needle	NA	4.75	4.65	0.09	778496	99%
python-alnSeq	large	large	water	NA	4.56	4.49	0.06	778472	99%
sequence_align	large	large	needle	NA	16.92	15.17	1.73	12292580	99%
biopython	large	large	needle	NA	5.64	5.14	0.81	803732	105%
python	large	large	blank	NA	0.03	0.02	0.00	11520	73%
python-alnSeq	large	large	hirschberg	NA	6.25	6.24	0.00	11648	99%
sequence_align	large	large	hirschberg	NA	11.65	11.63	0.00	14976	99%
python-alnSeq	large	large	needle	NA	4.92	4.82	0.05	778232	99%
python-alnSeq	large	large	water	NA	4.41	4.33	0.07	778340	99%
sequence_align	large	large	needle	NA	16.49	14.84	1.63	12294456	99%
biopython	large	large	needle	NA	5.29	4.80	0.80	804328	105%
python	large	large	blank	NA	0.04	0.02	0.00	11776	76%
python-alnSeq	large	large	hirschberg	NA	5.95	5.94	0.00	11904	99%
sequence_align	large	large	hirschberg	NA	10.94	10.92	0.00	15232	99%
python-alnSeq	large	large	needle	NA	4.71	4.63	0.06	778488	99%
python-alnSeq	large	large	water	NA	4.20	4.13	0.06	778476	99%
sequence_align	large	large	needle	NA	15.33	13.67	1.65	12291516	99%
biopython	large	large	needle	NA	5.31	4.81	0.79	804000	105%
python	large	large	blank	NA	0.03	0.02	0.00	11776	72%
python-alnSeq	large	large	hirschberg	NA	5.98	5.95	0.01	11904	99%
sequence_align	large	large	hirschberg	NA	11.04	11.02	0.01	15360	99%
python-alnSeq	large	large	needle	NA	4.72	4.65	0.06	778256	99%
python-alnSeq	large	large	water	NA	4.20	4.11	0.07	778468	99%
sequence_align	large	large	needle	NA	15.26	13.55	1.69	12291388	99%
biopython	large	large	needle	NA	5.20	4.82	0.77	803980	107%
python	large	large	blank	NA	0.03	0.02	0.00	11776	74%
python-alnSeq	large	large	hirschberg	NA	5.97	5.94	0.01	11648	99%
sequence_align	large	large	hirschberg	NA	11.04	11.02	0.00	15104	99%
python-alnSeq	large	large	needle	NA	4.79	4.67	0.08	778044	99%
python-alnSeq	large	large	water	NA	4.21	4.14	0.05	778468	99%
sequence_align	large	large	needle	NA	15.71	13.99	1.71	12292092	99%
biopython	large	large	needle	NA	5.33	4.89	0.78	803852	106%
python	large	ramKiller	blank	NA	0.04	0.02	0.00	13120	59%
python-alnSeq	large	ramKiller	hirschberg	NA	42.27	42.23	0.01	12440	99%
sequence_align	large	ramKiller	hirschberg	NA	78.41	78.32	0.01	26820	99%
python	large	ramKiller	blank	NA	0.04	0.02	0.00	13124	66%
python-alnSeq	large	ramKiller	hirschberg	NA	42.28	42.23	0.01	12444	99%
sequence_align	large	ramKiller	hirschberg	NA	78.53	78.48	0.02	26680	99%
python	large	ramKiller	blank	NA	0.04	0.02	0.00	13120	63%
python-alnSeq	large	ramKiller	hirschberg	NA	43.33	43.29	0.00	12572	99%
sequence_align	large	ramKiller	hirschberg	NA	81.06	81.02	0.01	27060	99%
python	large	ramKiller	blank	NA	0.04	0.02	0.00	13060	65%
python-alnSeq	large	ramKiller	hirschberg	NA	43.58	43.50	0.03	12404	99%
sequence_align	large	ramKiller	hirschberg	NA	80.86	80.80	0.02	26948	99%
python	large	ramKiller	blank	NA	0.04	0.00	0.02	13032	69%
python-alnSeq	large	ramKiller	hirschberg	NA	43.14	43.11	0.00	12312	99%
sequence_align	large	ramKiller	hirschberg	NA	80.07	79.99	0.03	26736	99%
python	large	ramKiller	blank	NA	0.05	0.01	0.02	12976	70%
python-alnSeq	large	ramKiller	hirschberg	NA	43.18	43.12	0.01	12316	99%
sequence_align	large	ramKiller	hirschberg	NA	79.78	79.70	0.04	26824	99%
python	large	ramKiller	blank	NA	0.04	0.02	0.01	12960	68%
python-alnSeq	large	ramKiller	hirschberg	NA	44.24	44.16	0.01	12404	99%
sequence_align	large	ramKiller	hirschberg	NA	79.94	79.83	0.06	26824	99%
python	large	ramKiller	blank	NA	0.04	0.02	0.00	13120	65%
python-alnSeq	large	ramKiller	hirschberg	NA	42.80	42.68	0.07	12316	99%
sequence_align	large	ramKiller	hirschberg	NA	80.29	80.25	0.01	26716	99%
python	large	ramKiller	blank	NA	0.04	0.02	0.00	13120	63%
python-alnSeq	large	ramKiller	hirschberg	NA	42.46	42.41	0.02	12384	99%
sequence_align	large	ramKiller	hirschberg	NA	78.95	78.88	0.02	26860	99%
python	large	ramKiller	blank	NA	0.04	0.02	0.00	13120	64%
python-alnSeq	large	ramKiller	hirschberg	NA	42.50	42.44	0.01	12316	99%
sequence_align	large	ramKiller	hirschberg	NA	79.21	79.13	0.03	26732	99%
python	ramKiller	small	blank	NA	0.04	0.02	0.00	13088	65%
python-alnSeq	ramKiller	small	hirschberg	NA	2.83	2.78	0.01	14516	98%
sequence_align	ramKiller	small	hirschberg	NA	5.07	5.02	0.01	24792	99%
python-alnSeq	ramKiller	small	needle	NA	2.24	2.17	0.04	356844	98%
python-alnSeq	ramKiller	small	water	NA	1.98	1.92	0.04	356644	98%
sequence_align	ramKiller	small	needle	NA	7.12	6.56	0.53	5525948	99%
biopython	ramKiller	small	needle	NA	2.90	2.36	0.52	387420	99%
python	ramKiller	small	blank	NA	0.04	0.02	0.00	12960	65%
python-alnSeq	ramKiller	small	hirschberg	NA	2.76	2.73	0.00	14588	99%
sequence_align	ramKiller	small	hirschberg	NA	5.02	4.97	0.02	24800	99%
python-alnSeq	ramKiller	small	needle	NA	2.22	2.16	0.03	356900	98%
python-alnSeq	ramKiller	small	water	NA	1.97	1.91	0.03	356716	98%
sequence_align	ramKiller	small	needle	NA	6.66	6.05	0.58	5529292	99%
biopython	ramKiller	small	needle	NA	2.43	2.36	0.40	387916	113%
python	ramKiller	small	blank	NA	0.04	0.01	0.01	12972	69%
python-alnSeq	ramKiller	small	hirschberg	NA	2.78	2.76	0.00	14588	99%
sequence_align	ramKiller	small	hirschberg	NA	5.06	5.02	0.01	24800	99%
python-alnSeq	ramKiller	small	needle	NA	2.20	2.16	0.02	356900	98%
python-alnSeq	ramKiller	small	water	NA	2.11	2.01	0.05	356572	97%
sequence_align	ramKiller	small	needle	NA	8.07	7.39	0.64	5526356	99%
biopython	ramKiller	small	needle	NA	2.84	2.44	0.40	387660	100%
python	ramKiller	small	blank	NA	0.06	0.03	0.01	12872	73%
python-alnSeq	ramKiller	small	hirschberg	NA	2.95	2.91	0.01	14424	99%
sequence_align	ramKiller	small	hirschberg	NA	5.24	5.19	0.02	24544	99%
python-alnSeq	ramKiller	small	needle	NA	2.24	2.16	0.05	356956	98%
python-alnSeq	ramKiller	small	water	NA	2.04	1.98	0.03	356712	99%
sequence_align	ramKiller	small	needle	NA	7.03	6.43	0.57	5529852	99%
biopython	ramKiller	small	needle	NA	2.71	2.50	0.45	387616	108%
python	ramKiller	small	blank	NA	0.05	0.02	0.00	12924	66%
python-alnSeq	ramKiller	small	hirschberg	NA	2.73	2.70	0.00	14588	99%
sequence_align	ramKiller	small	hirschberg	NA	5.00	4.97	0.01	24500	99%
python-alnSeq	ramKiller	small	needle	NA	2.24	2.18	0.04	356904	98%
python-alnSeq	ramKiller	small	water	NA	1.99	1.93	0.03	356840	98%
sequence_align	ramKiller	small	needle	NA	7.00	6.42	0.55	5527940	99%
biopython	ramKiller	small	needle	NA	2.43	2.31	0.50	388052	115%
python	ramKiller	small	blank	NA	0.05	0.03	0.00	13092	64%
python-alnSeq	ramKiller	small	hirschberg	NA	2.79	2.74	0.01	14464	98%
sequence_align	ramKiller	small	hirschberg	NA	5.05	5.01	0.01	24804	99%
python-alnSeq	ramKiller	small	needle	NA	2.30	2.22	0.05	356588	98%
python-alnSeq	ramKiller	small	water	NA	1.94	1.88	0.04	356716	98%
sequence_align	ramKiller	small	needle	NA	6.97	6.33	0.60	5526796	99%
biopython	ramKiller	small	needle	NA	2.43	2.28	0.48	388196	113%
python	ramKiller	small	blank	NA	0.05	0.02	0.00	12884	68%
python-alnSeq	ramKiller	small	hirschberg	NA	2.82	2.77	0.02	14280	99%
sequence_align	ramKiller	small	hirschberg	NA	5.07	5.04	0.00	24796	99%
python-alnSeq	ramKiller	small	needle	NA	2.22	2.15	0.03	356756	98%
python-alnSeq	ramKiller	small	water	NA	2.05	1.98	0.03	356592	98%
sequence_align	ramKiller	small	needle	NA	7.10	6.46	0.61	5527436	99%
biopython	ramKiller	small	needle	NA	2.59	2.37	0.47	387680	109%
python	ramKiller	small	blank	NA	0.05	0.01	0.01	13052	68%
python-alnSeq	ramKiller	small	hirschberg	NA	2.82	2.78	0.01	14376	99%
sequence_align	ramKiller	small	hirschberg	NA	5.07	5.02	0.02	24568	99%
python-alnSeq	ramKiller	small	needle	NA	2.20	2.15	0.02	356772	99%
python-alnSeq	ramKiller	small	water	NA	2.06	1.99	0.04	356736	98%
sequence_align	ramKiller	small	needle	NA	7.28	6.61	0.64	5528460	99%
biopython	ramKiller	small	needle	NA	2.36	2.23	0.45	387760	113%
python	ramKiller	small	blank	NA	0.04	0.01	0.01	12792	67%
python-alnSeq	ramKiller	small	hirschberg	NA	2.71	2.68	0.01	14596	99%
sequence_align	ramKiller	small	hirschberg	NA	4.99	4.93	0.01	24804	99%
python-alnSeq	ramKiller	small	needle	NA	2.23	2.17	0.03	356900	99%
python-alnSeq	ramKiller	small	water	NA	2.05	1.98	0.04	356676	98%
sequence_align	ramKiller	small	needle	NA	6.75	6.17	0.55	5527948	99%
biopython	ramKiller	small	needle	NA	2.39	2.29	0.45	387964	114%
python	ramKiller	small	blank	NA	0.04	0.01	0.01	13088	66%
python-alnSeq	ramKiller	small	hirschberg	NA	2.73	2.71	0.00	14592	99%
sequence_align	ramKiller	small	hirschberg	NA	5.05	5.02	0.01	24668	99%
python-alnSeq	ramKiller	small	needle	NA	2.23	2.15	0.04	357036	98%
python-alnSeq	ramKiller	small	water	NA	2.04	1.96	0.04	356708	98%
sequence_align	ramKiller	small	needle	NA	6.83	6.24	0.56	5526308	99%
biopython	ramKiller	small	needle	NA	2.47	2.33	0.42	387720	111%
python	ramKiller	mid	blank	NA	0.04	0.03	0.00	13028	72%
python-alnSeq	ramKiller	mid	hirschberg	NA	16.99	16.95	0.00	14460	99%
sequence_align	ramKiller	mid	hirschberg	NA	31.58	31.53	0.01	25376	99%
python	ramKiller	mid	blank	NA	0.05	0.02	0.01	12792	66%
python-alnSeq	ramKiller	mid	hirschberg	NA	17.12	17.08	0.01	14716	99%
sequence_align	ramKiller	mid	hirschberg	NA	31.73	31.70	0.00	25524	99%
python	ramKiller	mid	blank	NA	0.05	0.00	0.02	13040	63%
python-alnSeq	ramKiller	mid	hirschberg	NA	17.72	17.68	0.01	14556	99%
sequence_align	ramKiller	mid	hirschberg	NA	32.81	32.71	0.03	25196	99%
python	ramKiller	mid	blank	NA	0.06	0.03	0.00	13024	70%
python-alnSeq	ramKiller	mid	hirschberg	NA	18.73	18.69	0.00	14452	99%
sequence_align	ramKiller	mid	hirschberg	NA	32.25	32.17	0.03	25252	99%
python	ramKiller	mid	blank	NA	0.04	0.02	0.00	12916	63%
python-alnSeq	ramKiller	mid	hirschberg	NA	18.03	18.00	0.00	14384	99%
sequence_align	ramKiller	mid	hirschberg	NA	32.28	32.22	0.02	25512	99%
python	ramKiller	mid	blank	NA	0.05	0.03	0.00	13084	70%
python-alnSeq	ramKiller	mid	hirschberg	NA	18.34	18.31	0.00	14720	99%
sequence_align	ramKiller	mid	hirschberg	NA	31.85	31.74	0.03	25180	99%
python	ramKiller	mid	blank	NA	0.05	0.02	0.00	13008	66%
python-alnSeq	ramKiller	mid	hirschberg	NA	17.43	17.38	0.01	14528	99%
sequence_align	ramKiller	mid	hirschberg	NA	32.33	32.28	0.02	25508	99%
python	ramKiller	mid	blank	NA	0.05	0.03	0.01	13056	73%
python-alnSeq	ramKiller	mid	hirschberg	NA	17.67	17.63	0.01	14268	99%
sequence_align	ramKiller	mid	hirschberg	NA	31.93	31.87	0.02	25544	99%
python	ramKiller	mid	blank	NA	0.05	0.02	0.00	13088	62%
python-alnSeq	ramKiller	mid	hirschberg	NA	17.48	17.43	0.00	14636	99%
sequence_align	ramKiller	mid	hirschberg	NA	31.38	31.29	0.02	25152	99%
python	ramKiller	mid	blank	NA	0.04	0.01	0.01	13084	65%
python-alnSeq	ramKiller	mid	hirschberg	NA	16.94	16.92	0.00	14460	99%
sequence_align	ramKiller	mid	hirschberg	NA	31.10	31.06	0.01	25424	99%
python	ramKiller	large	blank	NA	0.04	0.02	0.00	13088	65%
python-alnSeq	ramKiller	large	hirschberg	NA	42.57	42.51	0.03	14336	99%
sequence_align	ramKiller	large	hirschberg	NA	78.41	78.34	0.03	25644	99%
python	ramKiller	large	blank	NA	0.04	0.03	0.00	13084	68%
python-alnSeq	ramKiller	large	hirschberg	NA	42.51	42.45	0.02	14588	99%
sequence_align	ramKiller	large	hirschberg	NA	78.44	78.38	0.02	25772	99%
python	ramKiller	large	blank	NA	0.04	0.00	0.01	13084	63%
python-alnSeq	ramKiller	large	hirschberg	NA	42.48	42.43	0.00	14592	99%
sequence_align	ramKiller	large	hirschberg	NA	78.36	78.30	0.02	25772	99%
python	ramKiller	large	blank	NA	0.04	0.02	0.00	13052	64%
python-alnSeq	ramKiller	large	hirschberg	NA	42.59	42.57	0.00	14592	99%
sequence_align	ramKiller	large	hirschberg	NA	78.37	78.30	0.01	25648	99%
python	ramKiller	large	blank	NA	0.04	0.02	0.00	13084	64%
python-alnSeq	ramKiller	large	hirschberg	NA	42.45	42.39	0.02	14592	99%
sequence_align	ramKiller	large	hirschberg	NA	78.57	78.51	0.01	25624	99%
python	ramKiller	large	blank	NA	0.05	0.03	0.00	13048	66%
python-alnSeq	ramKiller	large	hirschberg	NA	42.57	42.53	0.00	14588	99%
sequence_align	ramKiller	large	hirschberg	NA	78.54	78.50	0.01	25644	99%
python	ramKiller	large	blank	NA	0.04	0.02	0.00	13092	68%
python-alnSeq	ramKiller	large	hirschberg	NA	42.85	42.60	0.01	14596	99%
sequence_align	ramKiller	large	hirschberg	NA	78.77	78.55	0.02	25756	99%
python	ramKiller	large	blank	NA	0.04	0.01	0.01	12920	60%
python-alnSeq	ramKiller	large	hirschberg	NA	42.47	42.44	0.00	14576	99%
sequence_align	ramKiller	large	hirschberg	NA	78.32	78.25	0.01	25520	99%
python	ramKiller	large	blank	NA	0.04	0.02	0.00	13088	65%
python-alnSeq	ramKiller	large	hirschberg	NA	42.31	42.25	0.00	14588	99%
sequence_align	ramKiller	large	hirschberg	NA	78.39	78.33	0.02	25496	99%
python	ramKiller	large	blank	NA	0.04	0.02	0.00	13064	63%
python-alnSeq	ramKiller	large	hirschberg	NA	42.34	42.26	0.01	14592	99%
sequence_align	ramKiller	large	hirschberg	NA	78.33	78.28	0.00	25520	99%
python	ramKiller	ramKiller	blank	NA	0.05	0.03	0.00	13604	56%
python-alnSeq	ramKiller	ramKiller	hirschberg	NA	302.42	302.28	0.04	14784	99%
sequence_align	ramKiller	ramKiller	hirschberg	NA	574.63	574.23	0.11	36980	99%
python	ramKiller	ramKiller	blank	NA	0.06	0.03	0.00	13600	61%
python-alnSeq	ramKiller	ramKiller	hirschberg	NA	307.23	307.08	0.05	14656	99%
sequence_align	ramKiller	ramKiller	hirschberg	NA	578.32	577.96	0.04	37056	99%
python	ramKiller	ramKiller	blank	NA	0.07	0.04	0.00	13652	63%
python-alnSeq	ramKiller	ramKiller	hirschberg	NA	301.74	301.67	0.01	14908	99%
sequence_align	ramKiller	ramKiller	hirschberg	NA	558.30	557.42	0.46	36984	99%
python	ramKiller	ramKiller	blank	NA	0.06	0.02	0.00	13728	50%
python-alnSeq	ramKiller	ramKiller	hirschberg	NA	295.22	295.18	0.01	14908	99%
sequence_align	ramKiller	ramKiller	hirschberg	NA	549.72	549.53	0.02	37548	99%
python	ramKiller	ramKiller	blank	NA	0.05	0.01	0.01	13692	60%
python-alnSeq	ramKiller	ramKiller	hirschberg	NA	295.22	295.18	0.01	14912	99%
sequence_align	ramKiller	ramKiller	hirschberg	NA	550.04	549.62	0.07	37424	99%
python	ramKiller	ramKiller	blank	NA	0.06	0.03	0.00	13732	63%
python-alnSeq	ramKiller	ramKiller	hirschberg	NA	295.37	295.33	0.01	14908	99%
sequence_align	ramKiller	ramKiller	hirschberg	NA	549.93	549.72	0.03	37512	99%
python	ramKiller	ramKiller	blank	NA	0.05	0.01	0.01	13728	54%
python-alnSeq	ramKiller	ramKiller	hirschberg	NA	295.38	295.23	0.01	14784	99%
sequence_align	ramKiller	ramKiller	hirschberg	NA	550.37	549.55	0.10	37500	99%
python	ramKiller	ramKiller	blank	NA	0.05	0.01	0.01	13732	60%
python-alnSeq	ramKiller	ramKiller	hirschberg	NA	295.22	295.18	0.00	14916	99%
sequence_align	ramKiller	ramKiller	hirschberg	NA	550.10	549.86	0.05	37412	99%
python	ramKiller	ramKiller	blank	NA	0.05	0.02	0.01	13732	60%
python-alnSeq	ramKiller	ramKiller	hirschberg	NA	295.71	295.21	0.07	14912	99%
sequence_align	ramKiller	ramKiller	hirschberg	NA	549.88	549.67	0.03	37148	99%
python	ramKiller	ramKiller	blank	NA	0.06	0.04	0.00	13860	67%
python-alnSeq	ramKiller	ramKiller	hirschberg	NA	295.39	295.35	0.00	14912	99%
sequence_align	ramKiller	ramKiller	hirschberg	NA	549.89	549.66	0.04	37548	99%
